id,name,form,cuisine,moods,time,effort,cost,tags,season,tier,main_ingredients
oyakodon,親子丼,one_dish,japanese,hearty|warm|noodle_rice,15,1,1,chicken|egg|soy|wheat,all,free,鶏もも肉|卵|玉ねぎ|ごはん
butakimchi_don,豚キムチ丼,one_dish,japanese,hearty|noodle_rice,10,1,1,pork|soy,all,free,豚こま肉|キムチ|ごはん
gyudon,牛丼,one_dish,japanese,hearty|noodle_rice,20,1,2,beef|soy,all,free,牛こま肉|玉ねぎ|ごはん
yaki_udon,焼きうどん,one_dish,japanese,hearty|noodle_rice,10,1,1,pork|wheat|soy,all,free,冷凍うどん|豚こま肉|キャベツ
kamatama_udon,釜玉うどん,one_dish,japanese,light|noodle_rice,10,1,1,wheat|egg|soy,all,free,冷凍うどん|卵|ねぎ
nyumen,にゅうめん,one_dish,japanese,warm|light|noodle_rice,10,1,1,wheat|soy,autumn|winter,free,そうめん|ねぎ|めんつゆ
niku_udon,肉うどん,one_dish,japanese,warm|hearty|noodle_rice,10,1,2,beef|wheat|soy,all,free,冷凍うどん|牛こま肉|ねぎ
kitsune_udon,きつねうどん,one_dish,japanese,warm|noodle_rice,15,1,1,wheat|soy|tofu,all,free,冷凍うどん|油揚げ|ねぎ
tori_nanban_soba,鶏南蛮そば,one_dish,japanese,warm|noodle_rice,20,1,2,chicken|buckwheat|soy,autumn|winter,pro,そば|鶏もも肉|長ねぎ
zaru_soba,ざるそば,one_dish,japanese,light|noodle_rice,10,1,1,buckwheat|soy,spring|summer,free,そば|ねぎ|天かす
napolitan,ナポリタン,one_dish,western,hearty|noodle_rice,20,1,1,wheat|pork,all,free,スパゲッティ|ウインナー|玉ねぎ|ピーマン|ケチャップ
peperoncino,ペペロンチーノ,one_dish,western,light|noodle_rice,15,1,1,wheat,all,free,スパゲッティ|にんにく|鷹の爪|オリーブオイル
tarako_pasta,たらこパスタ,one_dish,western,light|noodle_rice,15,1,2,wheat|fish|milk,all,pro,スパゲッティ|たらこ|バター
meat_sauce_pasta,ミートソースパスタ,one_dish,western,hearty|noodle_rice,30,2,2,wheat|beef|pork,all,pro,スパゲッティ|合いびき肉|玉ねぎ|トマト缶
carbonara,カルボナーラ,one_dish,western,hearty|noodle_rice,20,2,2,wheat|egg|milk|pork,all,pro,スパゲッティ|ベーコン|卵|粉チーズ
curry_rice,カレーライス,one_dish,western,hearty|warm|noodle_rice,40,2,2,wheat|pork,all,free,豚こま肉|玉ねぎ|じゃがいも|にんじん|カレールー|ごはん
keema_curry,キーマカレー,one_dish,ethnic,hearty|warm|noodle_rice,20,2,2,beef|pork,all,pro,合いびき肉|玉ねぎ|トマト|カレー粉|ごはん
gapao_rice,ガパオライス,one_dish,ethnic,hearty|noodle_rice,15,1,2,chicken|egg|fish,all,pro,鶏ひき肉|バジル|ピーマン|卵|ごはん
taco_rice,タコライス,one_dish,ethnic,hearty|noodle_rice,15,1,2,beef|pork|milk,all,pro,合いびき肉|レタス|トマト|チーズ|ごはん
omurice,オムライス,one_dish,western,hearty|noodle_rice,20,2,1,egg|chicken|milk,all,free,卵|鶏もも肉|玉ねぎ|ケチャップ|ごはん
chahan,チャーハン,one_dish,chinese,hearty|noodle_rice,10,1,1,egg|pork|soy,all,free,ごはん|卵|ハム|ねぎ
chuka_don,中華丼,one_dish,chinese,warm|noodle_rice,20,2,2,pork|soy|mushroom,all,pro,豚こま肉|白菜|にんじん|しいたけ|ごはん
mabo_don,麻婆丼,one_dish,chinese,hearty|warm|noodle_rice,15,1,1,pork|tofu|soy,all,free,豚ひき肉|豆腐|長ねぎ|ごはん
shoyu_ramen,醤油ラーメン,one_dish,chinese,warm|noodle_rice,15,1,1,wheat|egg|pork|soy,autumn|winter,free,中華麺|チャーシュー|卵|ねぎ
shirunashi_tantan,汁なし担々麺,one_dish,chinese,hearty|noodle_rice,20,2,2,wheat|pork|soy|sesame,all,pro,中華麺|豚ひき肉|ねぎ|ごまだれ
yakisoba,焼きそば,one_dish,chinese,hearty|noodle_rice,15,1,1,wheat|pork,all,free,焼きそば麺|豚こま肉|キャベツ|もやし
mizutaki,鶏の水炊き,one_dish,japanese,warm,30,1,2,chicken|tofu|soy,autumn|winter,free,鶏もも肉|白菜|豆腐|長ねぎ
kimchi_nabe,キムチ鍋,one_dish,ethnic,warm|hearty,20,1,2,pork|tofu|soy,autumn|winter,pro,豚バラ肉|キムチ|豆腐|ニラ
tonyu_nabe,豆乳鍋,one_dish,japanese,warm|light,20,1,2,soy|tofu|pork,autumn|winter,pro,豆乳|豚バラ肉|豆腐|白菜
sake_zosui,鮭雑炊,one_dish,japanese,warm|light|noodle_rice,15,1,2,fish|egg|soy,all,pro,ごはん|鮭フレーク|卵|ねぎ
tamago_zosui,卵雑炊,one_dish,japanese,warm|light|noodle_rice,10,1,1,egg|soy,all,free,ごはん|卵|ねぎ
hiyashi_chuka,冷やし中華,one_dish,chinese,light|noodle_rice,15,1,2,wheat|egg|pork|soy,summer,pro,中華麺|ハム|きゅうり|卵|トマト
bibimbap,ビビンバ,one_dish,ethnic,hearty|noodle_rice,20,2,2,beef|egg|soy|sesame,all,pro,牛こま肉|ほうれん草|もやし|卵|ごはん
sabakan_tamagotoji_don,鯖缶の卵とじ丼,one_dish,japanese,warm|light|noodle_rice,10,1,1,fish|egg|soy,all,free,鯖缶|卵|玉ねぎ|ごはん
tuna_tomato_cold_pasta,ツナとトマトの冷製パスタ,one_dish,western,light|noodle_rice,15,1,1,wheat|fish,summer,free,スパゲッティ|ツナ缶|トマト|オリーブオイル
tanindon,他人丼,one_dish,japanese,hearty|warm|noodle_rice,15,1,2,beef|egg|soy,all,pro,牛こま肉|卵|玉ねぎ|ごはん
katsudon,カツ丼(市販のカツ),one_dish,japanese,hearty|noodle_rice,15,1,2,pork|egg|soy|wheat,all,pro,とんかつ|卵|玉ねぎ|ごはん
tori_soboro_don,鶏そぼろ丼,one_dish,japanese,hearty|noodle_rice,15,1,1,chicken|egg|soy,all,free,鶏ひき肉|卵|いんげん|ごはん
kaisen_don,海鮮丼,one_dish,japanese,light|noodle_rice,10,1,3,fish|soy,all,pro,刺身盛り合わせ|大葉|ごはん
shirasu_don,しらす丼,one_dish,japanese,light|noodle_rice,10,1,2,fish|egg|soy,all,free,しらす|卵黄|大葉|ごはん
natto_kimchi_don,納豆キムチ丼,one_dish,japanese,light|noodle_rice,10,1,1,soy|egg,all,free,納豆|キムチ|卵|ごはん
avocado_salmon_don,アボカドサーモン丼,one_dish,japanese,light|noodle_rice,10,1,3,fish|soy,all,pro,サーモン刺身|アボカド|ごはん
curry_udon,カレーうどん,one_dish,japanese,warm|hearty|noodle_rice,15,1,1,wheat|soy|pork,all,pro,冷凍うどん|豚こま肉|カレールー|長ねぎ
miso_nikomi_udon,味噌煮込みうどん,one_dish,japanese,warm|noodle_rice,20,1,1,wheat|soy|chicken|egg,winter,pro,冷凍うどん|鶏もも肉|卵|味噌|長ねぎ
salad_udon,サラダうどん,one_dish,japanese,light|noodle_rice,10,1,1,wheat|soy|sesame,summer,free,冷凍うどん|レタス|ツナ缶|ごまだれ
mentaiko_pasta,明太子パスタ,one_dish,western,light|noodle_rice,15,1,2,wheat|fish|milk,all,pro,スパゲッティ|明太子|バター|大葉
vongole,ボンゴレ,one_dish,western,light|noodle_rice,20,2,3,wheat|fish,spring,pro,スパゲッティ|あさり|にんにく|白ワイン
kinoko_wafu_pasta,きのこの和風パスタ,one_dish,western,light|noodle_rice,15,1,1,wheat|mushroom|soy|milk,autumn,free,スパゲッティ|しめじ|えのき|バター|しょうゆ
tomato_pasta,トマトソースパスタ,one_dish,western,light|noodle_rice,20,1,1,wheat,all,free,スパゲッティ|トマト缶|にんにく|オリーブオイル
tuna_mayo_pasta,ツナマヨパスタ,one_dish,western,hearty|noodle_rice,15,1,1,wheat|fish|egg,all,free,スパゲッティ|ツナ缶|マヨネーズ|コーン
hayashi_rice,ハヤシライス,one_dish,western,hearty|warm|noodle_rice,30,2,2,beef|wheat|milk,all,pro,牛こま肉|玉ねぎ|ハヤシルー|ごはん
doria,ドリア,one_dish,western,hearty|warm|noodle_rice,30,2,2,milk|wheat|chicken,winter,pro,ごはん|鶏もも肉|ホワイトソース|チーズ
chicken_rice,チキンライス,one_dish,western,hearty|noodle_rice,15,1,1,chicken|milk,all,free,ごはん|鶏もも肉|玉ねぎ|ケチャップ
ankake_yakisoba,あんかけ焼きそば,one_dish,chinese,warm|hearty|noodle_rice,20,2,2,wheat|pork|soy|mushroom,all,pro,焼きそば麺|豚こま肉|白菜|しいたけ
shio_ramen,塩ラーメン,one_dish,chinese,warm|light|noodle_rice,15,1,1,wheat|egg|soy,all,free,中華麺|卵|ねぎ|もやし
tantanmen,担々麺,one_dish,chinese,warm|hearty|noodle_rice,20,2,2,wheat|pork|soy|sesame,winter,pro,中華麺|豚ひき肉|ごまだれ|豆乳
lurou_fan,ルーロー飯,one_dish,ethnic,hearty|warm|noodle_rice,30,2,2,pork|egg|soy,all,pro,豚バラ肉|ゆで卵|五香粉|ごはん
khao_man_gai,カオマンガイ,one_dish,ethnic,light|noodle_rice,30,1,2,chicken|soy|fish,summer,pro,鶏もも肉|米|しょうが|ナンプラー
pad_thai,パッタイ,one_dish,ethnic,hearty|noodle_rice,20,2,2,shrimp|egg|fish,all,pro,米麺|むきえび|卵|もやし|ナンプラー
green_curry,グリーンカレー,one_dish,ethnic,hearty|warm|noodle_rice,20,1,2,chicken|fish,summer,pro,鶏もも肉|なす|ココナッツミルク|グリーンカレーペースト|ごはん
sundubu,スンドゥブチゲ,one_dish,ethnic,warm|hearty,15,1,2,tofu|soy|pork|egg|fish,winter,pro,豆腐|豚こま肉|あさり|卵|キムチ
yosenabe,寄せ鍋,one_dish,japanese,warm,30,1,3,fish|chicken|tofu|soy,winter,pro,鶏もも肉|白身魚|豆腐|白菜|長ねぎ
sukiyaki_ni,すき焼き風煮,one_dish,japanese,hearty|warm,20,1,3,beef|tofu|soy|egg,winter,pro,牛こま肉|焼き豆腐|長ねぎ|卵
tomato_nabe,トマト鍋,one_dish,western,warm,20,1,2,chicken|pork,winter,pro,鶏もも肉|ウインナー|キャベツ|トマト缶
yudofu,湯豆腐,one_dish,japanese,warm|light,15,1,1,tofu|soy,winter,free,豆腐|昆布|ねぎ|ポン酢
buta_shogayaki,豚の生姜焼き,main,japanese,hearty,15,1,1,pork|soy,all,free,豚ロース肉|玉ねぎ|しょうが
tori_teriyaki,鶏の照り焼き,main,japanese,hearty,20,1,1,chicken|soy,all,free,鶏もも肉|しょうゆ|みりん
torimune_negishio,鶏むねのねぎ塩焼き,main,japanese,light,15,1,1,chicken,all,free,鶏むね肉|長ねぎ|レモン
karaage,鶏の唐揚げ,main,japanese,hearty,30,3,1,chicken|soy|wheat,all,free,鶏もも肉|にんにく|片栗粉
sake_meuniere,鮭のムニエル,main,western,light,15,1,2,fish|wheat|milk,all,free,生鮭|小麦粉|バター
sake_shioyaki,鮭の塩焼き,main,japanese,light,15,1,2,fish,all,free,生鮭|塩|大根おろし
saba_misoni,鯖の味噌煮,main,japanese,warm,20,2,2,fish|soy,all,pro,鯖|味噌|しょうが
buri_daikon,ぶり大根,main,japanese,warm,40,2,3,fish|soy,winter,pro,ぶり|大根|しょうが
buri_teriyaki,ぶりの照り焼き,main,japanese,hearty,15,1,3,fish|soy,winter,pro,ぶり|しょうゆ|みりん
mabo_dofu,麻婆豆腐,main,chinese,hearty|warm,15,1,1,pork|tofu|soy,all,free,豆腐|豚ひき肉|長ねぎ|豆板醤
hoikoro,回鍋肉,main,chinese,hearty,15,1,2,pork|soy,all,free,豚バラ肉|キャベツ|ピーマン|味噌
chinjao,青椒肉絲,main,chinese,hearty,20,2,2,beef|soy,all,pro,牛こま肉|ピーマン|たけのこ
subuta,酢豚(揚げない),main,chinese,hearty,30,3,2,pork|soy,all,pro,豚こま肉|玉ねぎ|ピーマン|にんじん
ebichiri,エビチリ,main,chinese,hearty,20,2,3,shrimp|soy,all,pro,むきえび|長ねぎ|ケチャップ|豆板醤
yodare_dori,よだれ鶏,main,chinese,light,20,1,1,chicken|soy|sesame,all,pro,鶏むね肉|長ねぎ|ラー油
nikujaga,肉じゃが,main,japanese,warm,30,2,2,beef|soy,all,free,牛こま肉|じゃがいも|玉ねぎ|にんじん
hamburg,ハンバーグ,main,western,hearty,30,2,2,beef|pork|egg|wheat|milk,all,free,合いびき肉|玉ねぎ|卵|パン粉
pork_chap,ポークチャップ,main,western,hearty,15,1,1,pork,all,free,豚こま肉|玉ねぎ|ケチャップ
tori_tomato_ni,鶏のトマト煮,main,western,warm,30,2,2,chicken,all,pro,鶏もも肉|玉ねぎ|トマト缶
cream_stew,クリームシチュー,main,western,warm,40,2,2,chicken|milk|wheat,autumn|winter,free,鶏もも肉|じゃがいも|にんじん|牛乳|シチュールー
potofu,ポトフ,main,western,warm|light,30,1,2,pork,autumn|winter,pro,ウインナー|キャベツ|じゃがいも|にんじん
torimune_piccata,鶏むねのピカタ,main,western,light,15,1,1,chicken|egg|milk|wheat,all,pro,鶏むね肉|卵|粉チーズ
butabara_hakusai,豚バラと白菜の重ね煮,main,japanese,warm|light,20,1,1,pork|soy,autumn|winter,free,豚バラ肉|白菜|ポン酢
tebamoto_sappari_ni,手羽元のさっぱり煮,main,japanese,light|warm,30,1,1,chicken|soy|egg,all,pro,手羽元|ゆで卵|酢|しょうゆ
sanma_shioyaki,さんまの塩焼き,main,japanese,light,15,1,1,fish,autumn,pro,さんま|塩|大根おろし
toridango_hakusai,鶏団子と白菜の煮込み,main,japanese,warm,30,2,1,chicken|egg|soy,autumn|winter,pro,鶏ひき肉|白菜|しょうが
tofu_steak,豆腐ステーキきのこあん,main,japanese,light|warm,15,1,1,tofu|soy|mushroom,all,free,豆腐|しめじ|えのき|めんつゆ
butashabu_salad,豚しゃぶサラダ,main,japanese,light,10,1,2,pork|soy|sesame,spring|summer,free,豚しゃぶ肉|レタス|トマト|ごまだれ
tonteki,トンテキ,main,japanese,hearty,15,1,2,pork|soy,all,pro,豚ロース肉|にんにく|ウスターソース
goya_champuru,ゴーヤチャンプルー,main,japanese,light,15,1,1,egg|tofu|pork|soy,summer,pro,ゴーヤ|豆腐|豚こま肉|卵
sake_chanchan,鮭のちゃんちゃん焼き,main,japanese,warm,20,1,2,fish|soy,autumn|winter,pro,生鮭|キャベツ|玉ねぎ|味噌|バター
chicken_nanban,チキン南蛮,main,japanese,hearty,30,2,1,chicken|egg|wheat,all,pro,鶏むね肉|卵|タルタルソース
gyoza,餃子,main,chinese,hearty,40,3,1,pork|wheat|soy,all,free,豚ひき肉|キャベツ|ニラ|餃子の皮
tandoori_chicken,タンドリーチキン,main,ethnic,hearty,30,2,2,chicken|milk,all,pro,鶏もも肉|ヨーグルト|カレー粉
atsuyaki_tamago,厚焼き卵,main,japanese,light,10,1,1,egg|soy,all,free,卵|だし|砂糖
torimune_mayopon,鶏むねのマヨポン炒め,main,japanese,hearty,15,1,1,chicken|egg|soy,all,free,鶏むね肉|マヨネーズ|ポン酢
tori_garlic_saute,鶏もものガーリックソテー,main,western,hearty,15,1,2,chicken,all,free,鶏もも肉|にんにく|塩こしょう
tori_amazu,鶏の甘酢あん,main,japanese,hearty,20,2,1,chicken|soy|wheat,all,pro,鶏もも肉|片栗粉|酢|しょうゆ
tori_daikon_ni,鶏肉と大根の煮物,main,japanese,warm,30,2,1,chicken|soy,winter,pro,鶏もも肉|大根|しょうが
tori_kinoko_cream,鶏ときのこのクリーム煮,main,western,warm,20,2,2,chicken|milk|mushroom|wheat,autumn,pro,鶏もも肉|しめじ|牛乳|小麦粉
butakoma_amakara,豚こまと玉ねぎの甘辛炒め,main,japanese,hearty,10,1,1,pork|soy,all,free,豚こま肉|玉ねぎ|しょうゆ|みりん
butabara_daikon,豚バラと大根の煮物,main,japanese,warm,30,2,1,pork|soy,winter,pro,豚バラ肉|大根|しょうが
buta_mizore_ni,豚肉のみぞれ煮,main,japanese,light|warm,20,1,1,pork|soy,all,pro,豚こま肉|大根おろし|ポン酢
buta_kyabetsu_miso,豚とキャベツの味噌炒め,main,japanese,hearty,15,1,1,pork|soy,all,free,豚こま肉|キャベツ|味噌
pork_saute_mushroom,ポークソテー きのこソース,main,western,hearty,20,1,2,pork|mushroom|milk|soy,autumn,pro,豚ロース肉|しめじ|バター|しょうゆ
gyuniku_oyster,牛肉のオイスター炒め,main,chinese,hearty,15,1,2,beef|soy|fish,all,pro,牛こま肉|ピーマン|オイスターソース
beef_stroganoff,ビーフストロガノフ,main,western,warm|hearty,30,2,3,beef|milk|wheat|mushroom,winter,pro,牛こま肉|玉ねぎ|マッシュルーム|生クリーム
gyu_gobo_shigure,牛肉とごぼうのしぐれ煮,main,japanese,warm,20,1,2,beef|soy,autumn,pro,牛こま肉|ごぼう|しょうが
sake_foil,鮭のホイル焼き,main,japanese,light|warm,20,1,2,fish|soy|mushroom|milk,autumn,free,生鮭|しめじ|玉ねぎ|バター
saba_shioyaki,鯖の塩焼き,main,japanese,light,15,1,1,fish,all,free,鯖|塩|大根おろし
saba_tatsuta,鯖の竜田揚げ,main,japanese,hearty,20,2,1,fish|soy|wheat,all,pro,鯖|しょうが|片栗粉
tara_butter,鱈のバターソテー,main,western,light,15,1,2,fish|milk|wheat,winter,pro,鱈|バター|小麦粉|レモン
asari_sakamushi,あさりの酒蒸し,main,japanese,light,10,1,2,fish,spring,pro,あさり|酒|ねぎ
ebi_mayo,えびマヨ,main,chinese,hearty,20,2,3,shrimp|egg|wheat,all,pro,むきえび|マヨネーズ|片栗粉|ケチャップ
happosai,八宝菜,main,chinese,warm,20,2,2,pork|shrimp|soy|mushroom,all,pro,豚こま肉|むきえび|白菜|しいたけ|うずら卵
nasu_hikiniku_miso,なすとひき肉の味噌炒め,main,japanese,hearty,15,1,1,pork|soy,summer,free,なす|豚ひき肉|味噌
mabo_nasu,麻婆なす,main,chinese,hearty,20,1,1,pork|soy,summer,pro,なす|豚ひき肉|長ねぎ|豆板醤
meatball_tomato,ミートボールのトマト煮,main,western,hearty|warm,30,2,2,beef|pork|egg|wheat,all,pro,合いびき肉|玉ねぎ|卵|トマト缶
chicken_katsu,チキンカツ,main,japanese,hearty,30,2,1,chicken|egg|wheat,all,pro,鶏むね肉|卵|パン粉
tofu_hamburg,豆腐ハンバーグ,main,japanese,light,20,2,1,tofu|chicken|egg|soy,all,free,豆腐|鶏ひき肉|玉ねぎ|卵
atsuage_negimiso,厚揚げのねぎ味噌焼き,main,japanese,light|warm,10,1,1,tofu|soy,all,free,厚揚げ|長ねぎ|味噌
tamago_tomato,卵とトマトの炒め,main,chinese,light,10,1,1,egg,summer,free,卵|トマト|鶏がらスープ
omelette,オムレツ,main,western,light,10,1,1,egg|milk,all,free,卵|牛乳|バター|チーズ
niratama,ニラ玉,main,chinese,light,10,1,1,egg|soy,all,free,卵|ニラ|しょうゆ
sabakan_tomato,鯖缶のトマト煮,main,western,warm|light,15,1,1,fish,all,free,鯖缶|トマト缶|玉ねぎ|にんにく
komatsuna_ohitashi,小松菜のおひたし,side,japanese,light,10,1,1,soy,all,free,小松菜|めんつゆ
tomato_salad,トマトサラダ,side,western,light,5,1,1,,summer,free,トマト|オリーブオイル|塩
kyuri_shiokombu,きゅうりの塩昆布和え,side,japanese,light,5,1,1,sesame,summer,pro,きゅうり|塩昆布|ごま油
horenso_gomaae,ほうれん草のごま和え,side,japanese,light,10,1,1,sesame|soy,all,pro,ほうれん草|すりごま|しょうゆ
hiyayakko,冷奴,side,japanese,light,5,1,1,tofu|soy,summer,pro,豆腐|ねぎ|しょうが
kinpira,きんぴらごぼう,side,japanese,warm,15,1,1,soy|sesame,all,pro,ごぼう|にんじん|ごま
kabocha_nimono,かぼちゃの煮物,side,japanese,warm,15,1,1,soy,autumn,pro,かぼちゃ|しょうゆ|みりん
hijiki_nimono,ひじきの煮物,side,japanese,warm,20,1,1,soy,all,pro,ひじき|にんじん|油揚げ
potato_salad,ポテトサラダ,side,western,light,20,1,1,egg,all,pro,じゃがいも|きゅうり|ハム|マヨネーズ
kyabetsu_asazuke,キャベツの浅漬け,side,japanese,light,5,1,1,,all,free,キャベツ|塩|昆布
moyashi_namul,もやしのナムル,side,ethnic,light,10,1,1,sesame|soy,all,free,もやし|ごま油|しょうゆ
kyuri_wakame_sunomono,きゅうりとわかめの酢の物,side,japanese,light,10,1,1,soy,summer,pro,きゅうり|わかめ|酢
misoshiru,豆腐とわかめの味噌汁,soup,japanese,warm,10,1,1,soy|tofu,all,free,豆腐|わかめ|味噌
tonjiru,豚汁,soup,japanese,warm,20,1,1,pork|soy,autumn|winter,pro,豚こま肉|大根|にんじん|味噌
wakame_soup,わかめスープ,soup,chinese,warm|light,10,1,1,sesame,all,free,わかめ|ねぎ|鶏がらスープ
corn_soup,コーンスープ,soup,western,warm,10,1,1,milk,all,pro,コーンクリーム缶|牛乳
tamago_soup,卵スープ,soup,chinese,warm,10,1,1,egg|soy,all,free,卵|ねぎ|鶏がらスープ
minestrone,ミネストローネ,soup,western,warm,20,1,1,pork,winter,pro,ベーコン|玉ねぎ|にんじん|トマト缶
nameko_misoshiru,なめこの味噌汁,soup,japanese,warm,10,1,1,soy|mushroom,autumn,pro,なめこ|豆腐|味噌
kenchin_jiru,けんちん汁,soup,japanese,warm,20,1,1,soy|tofu,winter,pro,豆腐|大根|にんじん|ごぼう
